state,variable,year,raw
Alabama,PK12ed,1997,3271969
Alaska,PK12ed,1997,1042311
Arizona,PK12ed,1997,3388165
Arkansas,PK12ed,1997,1960613
California,PK12ed,1997,28708364
Colorado,PK12ed,1997,3332994
Connecticut,PK12ed,1997,4014870
Delaware,PK12ed,1997,776825
District of Columbia,PK12ed,1997,544051
Florida,PK12ed,1997,11498394
Georgia,PK12ed,1997,6933391
Hawaii,PK12ed,1997,735256
Idaho,PK12ed,1997,1063605
Illinois,PK12ed,1997,10559474
Indiana,PK12ed,1997,5196692
Iowa,PK12ed,1997,2509352
Kansas,PK12ed,1997,2463463
Kentucky,PK12ed,1997,3002740
Louisiana,PK12ed,1997,3660006
Maine,PK12ed,1997,1338428
Maryland,PK12ed,1997,4922369
Massachusetts,PK12ed,1997,6019704
Michigan,PK12ed,1997,10803966
Minnesota,PK12ed,1997,5207057
Mississippi,PK12ed,1997,1961623
Missouri,PK12ed,1997,4544251
Montana,PK12ed,1997,851762
Nebraska,PK12ed,1997,1569105
Nevada,PK12ed,1997,1379417
New Hampshire,PK12ed,1997,1130228
New Jersey,PK12ed,1997,10777218
New Mexico,PK12ed,1997,1502830
New York,PK12ed,1997,24293108
North Carolina,PK12ed,1997,5818521
North Dakota,PK12ed,1997,524949
Ohio,PK12ed,1997,10213866
Oklahoma,PK12ed,1997,2760518
Oregon,PK12ed,1997,3122900
Pennsylvania,PK12ed,1997,11456526
Rhode Island,PK12ed,1997,1090165
South Carolina,PK12ed,1997,3114033
South Dakota,PK12ed,1997,610507
Tennessee,PK12ed,1997,3880074
Texas,PK12ed,1997,18119762
Utah,PK12ed,1997,1783323
Vermont,PK12ed,1997,625118
Virginia,PK12ed,1997,6188464
Washington,PK12ed,1997,5335341
West Virginia,PK12ed,1997,1740686
Wisconsin,PK12ed,1997,5834077
Wyoming,PK12ed,1997,580453
Alabama,PK12ed,1998,3504764
Alaska,PK12ed,1998,1019614
Arizona,PK12ed,1998,3579363
Arkansas,PK12ed,1998,2127517
California,PK12ed,1998,31776920
Colorado,PK12ed,1998,3684502
Connecticut,PK12ed,1998,3931428
Delaware,PK12ed,1998,815900
District of Columbia,PK12ed,1998,623415
Florida,PK12ed,1998,12141943
Georgia,PK12ed,1998,7478866
Hawaii,PK12ed,1998,784034
Idaho,PK12ed,1998,1122432
Illinois,PK12ed,1998,11852129
Indiana,PK12ed,1998,5611104
Iowa,PK12ed,1998,2814447
Kansas,PK12ed,1998,2579556
Kentucky,PK12ed,1998,3015764
Louisiana,PK12ed,1998,3908656
Maine,PK12ed,1998,1433568
Maryland,PK12ed,1998,5089358
Massachusetts,PK12ed,1998,6646118
Michigan,PK12ed,1998,11701125
Minnesota,PK12ed,1998,5281256
Mississippi,PK12ed,1998,2092869
Missouri,PK12ed,1998,4822621
Montana,PK12ed,1998,879340
Nebraska,PK12ed,1998,1596292
Nevada,PK12ed,1998,1512307
New Hampshire,PK12ed,1998,1198502
New Jersey,PK12ed,1998,11580753
New Mexico,PK12ed,1998,1598625
New York,PK12ed,1998,25662488
North Carolina,PK12ed,1998,6275114
North Dakota,PK12ed,1998,570988
Ohio,PK12ed,1998,10974754
Oklahoma,PK12ed,1998,2952576
Oregon,PK12ed,1998,3386017
Pennsylvania,PK12ed,1998,13130636
Rhode Island,PK12ed,1998,1155096
South Carolina,PK12ed,1998,3340107
South Dakota,PK12ed,1998,628218
Tennessee,PK12ed,1998,4102843
Texas,PK12ed,1998,19577728
Utah,PK12ed,1998,1892836
Vermont,PK12ed,1998,693734
Virginia,PK12ed,1998,6815290
Washington,PK12ed,1998,5711799
West Virginia,PK12ed,1998,1775425
Wisconsin,PK12ed,1998,6146795
Wyoming,PK12ed,1998,592887
Alabama,PK12ed,1999,3784422
Alaska,PK12ed,1999,1097282
Arizona,PK12ed,1999,3849420
Arkansas,PK12ed,1999,2224967
California,PK12ed,1999,33739312
Colorado,PK12ed,1999,3916260
Connecticut,PK12ed,1999,4455325
Delaware,PK12ed,1999,848633
District of Columbia,PK12ed,1999,685988
Florida,PK12ed,1999,12987313
Georgia,PK12ed,1999,8232892
Hawaii,PK12ed,1999,877036
Idaho,PK12ed,1999,1203898
Illinois,PK12ed,1999,12820488
Indiana,PK12ed,1999,5855563
Iowa,PK12ed,1999,2922070
Kansas,PK12ed,1999,2650234
Kentucky,PK12ed,1999,3195456
Louisiana,PK12ed,1999,4128634
Maine,PK12ed,1999,1410980
Maryland,PK12ed,1999,5430954
Massachusetts,PK12ed,1999,7133647
Michigan,PK12ed,1999,12284399
Minnesota,PK12ed,1999,5682586
Mississippi,PK12ed,1999,2202972
Missouri,PK12ed,1999,5128981
Montana,PK12ed,1999,900757
Nebraska,PK12ed,1999,1626461
Nevada,PK12ed,1999,1670592
New Hampshire,PK12ed,1999,1252818
New Jersey,PK12ed,1999,12007767
New Mexico,PK12ed,1999,1732818
New York,PK12ed,1999,27239868
North Carolina,PK12ed,1999,6747065
North Dakota,PK12ed,1999,590791
Ohio,PK12ed,1999,11616958
Oklahoma,PK12ed,1999,3126146
Oregon,PK12ed,1999,3562280
Pennsylvania,PK12ed,1999,13748451
Rhode Island,PK12ed,1999,1222375
South Carolina,PK12ed,1999,3588571
South Dakota,PK12ed,1999,662998
Tennessee,PK12ed,1999,4346648
Texas,PK12ed,1999,20773662
Utah,PK12ed,1999,2007522
Vermont,PK12ed,1999,759777
Virginia,PK12ed,1999,7102959
Washington,PK12ed,1999,5902717
West Virginia,PK12ed,1999,1887862
Wisconsin,PK12ed,1999,6411232
Wyoming,PK12ed,1999,640003
Alabama,PK12ed,2000,4006894
Alaska,PK12ed,2000,1133145
Arizona,PK12ed,2000,4185930
Arkansas,PK12ed,2000,2324123
California,PK12ed,2000,36658880
Colorado,PK12ed,2000,4149462
Connecticut,PK12ed,2000,4713226
Delaware,PK12ed,2000,915317
District of Columbia,PK12ed,2000,815299
Florida,PK12ed,2000,13255884
Georgia,PK12ed,2000,8850297
Hawaii,PK12ed,2000,953130
Idaho,PK12ed,2000,1226979
Illinois,PK12ed,2000,13629593
Indiana,PK12ed,2000,6084174
Iowa,PK12ed,2000,3068753
Kansas,PK12ed,2000,2779333
Kentucky,PK12ed,2000,3328959
Louisiana,PK12ed,2000,4242538
Maine,PK12ed,2000,1495241
Maryland,PK12ed,2000,5684437
Massachusetts,PK12ed,2000,7685285
Michigan,PK12ed,2000,12950110
Minnesota,PK12ed,2000,6046377
Mississippi,PK12ed,2000,2429256
Missouri,PK12ed,2000,5427270
Montana,PK12ed,2000,932721
Nebraska,PK12ed,2000,1719480
Nevada,PK12ed,2000,1797271
New Hampshire,PK12ed,2000,1361347
New Jersey,PK12ed,2000,13302198
New Mexico,PK12ed,2000,1834042
New York,PK12ed,2000,29667076
North Carolina,PK12ed,2000,7450908
North Dakota,PK12ed,2000,621099
Ohio,PK12ed,2000,12338342
Oklahoma,PK12ed,2000,3282954
Oregon,PK12ed,2000,3687055
Pennsylvania,PK12ed,2000,14094022
Rhode Island,PK12ed,2000,1293956
South Carolina,PK12ed,2000,3918095
South Dakota,PK12ed,2000,701439
Tennessee,PK12ed,2000,4806620
Texas,PK12ed,2000,22983040
Utah,PK12ed,2000,2078020
Vermont,PK12ed,2000,827900
Virginia,PK12ed,2000,8024813
Washington,PK12ed,2000,6205786
West Virginia,PK12ed,2000,1984755
Wisconsin,PK12ed,2000,6649884
Wyoming,PK12ed,2000,672297
Alabama,PK12ed,2001,4140052.5
Alaska,PK12ed,2001,1188460.5
Arizona,PK12ed,2001,4427480.5
Arkansas,PK12ed,2001,2451202
California,PK12ed,2001,41025508
Colorado,PK12ed,2001,4487114
Connecticut,PK12ed,2001,5027140
Delaware,PK12ed,2001,974989.5
District of Columbia,PK12ed,2001,910714.5
Florida,PK12ed,2001,14015765
Georgia,PK12ed,2001,9645792
Hawaii,PK12ed,2001,1129801.5
Idaho,PK12ed,2001,1330691
Illinois,PK12ed,2001,14146961
Indiana,PK12ed,2001,6399746.5
Iowa,PK12ed,2001,3103548.5
Kansas,PK12ed,2001,2948670.5
Kentucky,PK12ed,2001,3494221
Louisiana,PK12ed,2001,4477461.5
Maine,PK12ed,2001,1562186.5
Maryland,PK12ed,2001,6217327
Massachusetts,PK12ed,2001,8282041
Michigan,PK12ed,2001,13119811
Minnesota,PK12ed,2001,6150938
Mississippi,PK12ed,2001,2493235
Missouri,PK12ed,2001,5833379
Montana,PK12ed,2001,971995.5
Nebraska,PK12ed,2001,1861031.5
Nevada,PK12ed,2001,1934425
New Hampshire,PK12ed,2001,1469713
New Jersey,PK12ed,2001,13820710
New Mexico,PK12ed,2001,1960039
New York,PK12ed,2001,31398412
North Carolina,PK12ed,2001,7818608
North Dakota,PK12ed,2001,635597
Ohio,PK12ed,2001,13021845
Oklahoma,PK12ed,2001,3536054.5
Oregon,PK12ed,2001,3900159.5
Pennsylvania,PK12ed,2001,13935164
Rhode Island,PK12ed,2001,1402344.5
South Carolina,PK12ed,2001,4254415.5
South Dakota,PK12ed,2001,737159.5
Tennessee,PK12ed,2001,4993365
Texas,PK12ed,2001,24460490
Utah,PK12ed,2001,2215334
Vermont,PK12ed,2001,841559
Virginia,PK12ed,2001,8517032
Washington,PK12ed,2001,6468907.5
West Virginia,PK12ed,2001,2025897
Wisconsin,PK12ed,2001,7021194
Wyoming,PK12ed,2001,711298
Alabama,PK12ed,2002,4273211
Alaska,PK12ed,2002,1243776
Arizona,PK12ed,2002,4669031
Arkansas,PK12ed,2002,2578281
California,PK12ed,2002,45392132
Colorado,PK12ed,2002,4824766
Connecticut,PK12ed,2002,5341054
Delaware,PK12ed,2002,1034662
District of Columbia,PK12ed,2002,1006130
Florida,PK12ed,2002,14775646
Georgia,PK12ed,2002,10441286
Hawaii,PK12ed,2002,1306473
Idaho,PK12ed,2002,1434403
Illinois,PK12ed,2002,14664329
Indiana,PK12ed,2002,6715319
Iowa,PK12ed,2002,3138344
Kansas,PK12ed,2002,3118008
Kentucky,PK12ed,2002,3659483
Louisiana,PK12ed,2002,4712385
Maine,PK12ed,2002,1629132
Maryland,PK12ed,2002,6750217
Massachusetts,PK12ed,2002,8878797
Michigan,PK12ed,2002,13289512
Minnesota,PK12ed,2002,6255499
Mississippi,PK12ed,2002,2557214
Missouri,PK12ed,2002,6239488
Montana,PK12ed,2002,1011270
Nebraska,PK12ed,2002,2002583
Nevada,PK12ed,2002,2071579
New Hampshire,PK12ed,2002,1578079
New Jersey,PK12ed,2002,14339221
New Mexico,PK12ed,2002,2086036
New York,PK12ed,2002,33129748
North Carolina,PK12ed,2002,8186308
North Dakota,PK12ed,2002,650095
Ohio,PK12ed,2002,13705348
Oklahoma,PK12ed,2002,3789155
Oregon,PK12ed,2002,4113264
Pennsylvania,PK12ed,2002,13776307
Rhode Island,PK12ed,2002,1510733
South Carolina,PK12ed,2002,4590736
South Dakota,PK12ed,2002,772880
Tennessee,PK12ed,2002,5180110
Texas,PK12ed,2002,25937940
Utah,PK12ed,2002,2352648
Vermont,PK12ed,2002,855218
Virginia,PK12ed,2002,9009250
Washington,PK12ed,2002,6732029
West Virginia,PK12ed,2002,2067039
Wisconsin,PK12ed,2002,7392504
Wyoming,PK12ed,2002,750299
Alabama,PK12ed,2003,4429788.5
Alaska,PK12ed,2003,1287792
Arizona,PK12ed,2003,5087547.5
Arkansas,PK12ed,2003,2742677.5
California,PK12ed,2003,47133896
Colorado,PK12ed,2003,5098218
Connecticut,PK12ed,2003,5616506
Delaware,PK12ed,2003,1104904.5
District of Columbia,PK12ed,2003,1074550.5
Florida,PK12ed,2003,15942330
Georgia,PK12ed,2003,10943194
Hawaii,PK12ed,2003,1437251
Idaho,PK12ed,2003,1463532.5
Illinois,PK12ed,2003,15638463
Indiana,PK12ed,2003,7158032.5
Iowa,PK12ed,2003,3355059
Kansas,PK12ed,2003,3208909.5
Kentucky,PK12ed,2003,3805340.5
Louisiana,PK12ed,2003,4956157
Maine,PK12ed,2003,1719462.5
Maryland,PK12ed,2003,7025355.5
Massachusetts,PK12ed,2003,9210822
Michigan,PK12ed,2003,14526650
Minnesota,PK12ed,2003,6518921
Mississippi,PK12ed,2003,2768885
Missouri,PK12ed,2003,6378907.5
Montana,PK12ed,2003,1059499
Nebraska,PK12ed,2003,2091298
Nevada,PK12ed,2003,2223329.5
New Hampshire,PK12ed,2003,1694874.5
New Jersey,PK12ed,2003,15736990
New Mexico,PK12ed,2003,2217139.5
New York,PK12ed,2003,34949696
North Carolina,PK12ed,2003,8493724
North Dakota,PK12ed,2003,700356.5
Ohio,PK12ed,2003,14730983
Oklahoma,PK12ed,2003,3767632.5
Oregon,PK12ed,2003,4096150.5
Pennsylvania,PK12ed,2003,15621619
Rhode Island,PK12ed,2003,1627560.5
South Carolina,PK12ed,2003,4743824
South Dakota,PK12ed,2003,801768.5
Tennessee,PK12ed,2003,5436217.5
Texas,PK12ed,2003,27454870
Utah,PK12ed,2003,2402023.5
Vermont,PK12ed,2003,956326.5
Virginia,PK12ed,2003,9347617
Washington,PK12ed,2003,6941104.5
West Virginia,PK12ed,2003,2130596
Wisconsin,PK12ed,2003,7667578.5
Wyoming,PK12ed,2003,776085
Alabama,PK12ed,2004,4586366
Alaska,PK12ed,2004,1331808
Arizona,PK12ed,2004,5506064
Arkansas,PK12ed,2004,2907074
California,PK12ed,2004,48875660
Colorado,PK12ed,2004,5371670
Connecticut,PK12ed,2004,5891958
Delaware,PK12ed,2004,1175147
District of Columbia,PK12ed,2004,1142971
Florida,PK12ed,2004,17109014
Georgia,PK12ed,2004,11445101
Hawaii,PK12ed,2004,1568029
Idaho,PK12ed,2004,1492662
Illinois,PK12ed,2004,16612597
Indiana,PK12ed,2004,7600746
Iowa,PK12ed,2004,3571774
Kansas,PK12ed,2004,3299811
Kentucky,PK12ed,2004,3951198
Louisiana,PK12ed,2004,5199929
Maine,PK12ed,2004,1809793
Maryland,PK12ed,2004,7300494
Massachusetts,PK12ed,2004,9542846
Michigan,PK12ed,2004,15763789
Minnesota,PK12ed,2004,6782343
Mississippi,PK12ed,2004,2980556
Missouri,PK12ed,2004,6518327
Montana,PK12ed,2004,1107728
Nebraska,PK12ed,2004,2180013
Nevada,PK12ed,2004,2375080
New Hampshire,PK12ed,2004,1811670
New Jersey,PK12ed,2004,17134760
New Mexico,PK12ed,2004,2348243
New York,PK12ed,2004,36769644
North Carolina,PK12ed,2004,8801139
North Dakota,PK12ed,2004,750618
Ohio,PK12ed,2004,15756618
Oklahoma,PK12ed,2004,3746110
Oregon,PK12ed,2004,4079037
Pennsylvania,PK12ed,2004,17466932
Rhode Island,PK12ed,2004,1744388
South Carolina,PK12ed,2004,4896912
South Dakota,PK12ed,2004,830657
Tennessee,PK12ed,2004,5692325
Texas,PK12ed,2004,28971800
Utah,PK12ed,2004,2451399
Vermont,PK12ed,2004,1057435
Virginia,PK12ed,2004,9685984
Washington,PK12ed,2004,7150180
West Virginia,PK12ed,2004,2194153
Wisconsin,PK12ed,2004,7942653
Wyoming,PK12ed,2004,801871
Alabama,PK12ed,2005,4925201
Alaska,PK12ed,2005,1416771
Arizona,PK12ed,2005,5872686
Arkansas,PK12ed,2005,3300288
California,PK12ed,2005,50693044
Colorado,PK12ed,2005,5658056
Connecticut,PK12ed,2005,6130530
Delaware,PK12ed,2005,1264790
District of Columbia,PK12ed,2005,1213739
Florida,PK12ed,2005,18583868
Georgia,PK12ed,2005,11887844
Hawaii,PK12ed,2005,1606142
Idaho,PK12ed,2005,1566165
Illinois,PK12ed,2005,17235426
Indiana,PK12ed,2005,8224193
Iowa,PK12ed,2005,3713885
Kansas,PK12ed,2005,3384564
Kentucky,PK12ed,2005,4443409
Louisiana,PK12ed,2005,5458673
Maine,PK12ed,2005,1879024
Maryland,PK12ed,2005,7737234
Massachusetts,PK12ed,2005,9987028
Michigan,PK12ed,2005,16087552
Minnesota,PK12ed,2005,7050447
Mississippi,PK12ed,2005,3157474
Missouri,PK12ed,2005,6767931
Montana,PK12ed,2005,1137483
Nebraska,PK12ed,2005,2220440
Nevada,PK12ed,2005,2597225
New Hampshire,PK12ed,2005,1919328
New Jersey,PK12ed,2005,18241340
New Mexico,PK12ed,2005,2452460
New York,PK12ed,2005,38690928
North Carolina,PK12ed,2005,9588902
North Dakota,PK12ed,2005,783018
Ohio,PK12ed,2005,16191503
Oklahoma,PK12ed,2005,4058244
Oregon,PK12ed,2005,4383735
Pennsylvania,PK12ed,2005,18456568
Rhode Island,PK12ed,2005,1790949
South Carolina,PK12ed,2005,5218073
South Dakota,PK12ed,2005,864226
Tennessee,PK12ed,2005,6063977
Texas,PK12ed,2005,29750650
Utah,PK12ed,2005,2576762
Vermont,PK12ed,2005,1119431
Virginia,PK12ed,2005,10574982
Washington,PK12ed,2005,7455318
West Virginia,PK12ed,2005,2272984
Wisconsin,PK12ed,2005,8246826
Wyoming,PK12ed,2005,849527
Alabama,PK12ed,2006,5478034
Alaska,PK12ed,2006,1509377
Arizona,PK12ed,2006,6367593
Arkansas,PK12ed,2006,3533593
California,PK12ed,2006,53012464
Colorado,PK12ed,2006,6030663
Connecticut,PK12ed,2006,6540369
Delaware,PK12ed,2006,1371464
District of Columbia,PK12ed,2006,1249522
Florida,PK12ed,2006,20139820
Georgia,PK12ed,2006,12954745
Hawaii,PK12ed,2006,1746947
Idaho,PK12ed,2006,1630908
Illinois,PK12ed,2006,18157336
Indiana,PK12ed,2006,8282807
Iowa,PK12ed,2006,3912787
Kansas,PK12ed,2006,3638783
Kentucky,PK12ed,2006,4833044
Louisiana,PK12ed,2006,5452463
Maine,PK12ed,2006,1967346
Maryland,PK12ed,2006,8381601
Massachusetts,PK12ed,2006,10433393
Michigan,PK12ed,2006,14954186
Minnesota,PK12ed,2006,7398479
Mississippi,PK12ed,2006,3435402
Missouri,PK12ed,2006,7186329
Montana,PK12ed,2006,1197600
Nebraska,PK12ed,2006,2316795
Nevada,PK12ed,2006,2925532
New Hampshire,PK12ed,2006,2032198
New Jersey,PK12ed,2006,19325792
New Mexico,PK12ed,2006,2617114
New York,PK12ed,2006,41066200
North Carolina,PK12ed,2006,10102342
North Dakota,PK12ed,2006,811025
Ohio,PK12ed,2006,16757651
Oklahoma,PK12ed,2006,4282014
Oregon,PK12ed,2006,4654732
Pennsylvania,PK12ed,2006,19235692
Rhode Island,PK12ed,2006,1857004
South Carolina,PK12ed,2006,5571889
South Dakota,PK12ed,2006,895339
Tennessee,PK12ed,2006,6323037
Texas,PK12ed,2006,31446936
Utah,PK12ed,2006,2708136
Vermont,PK12ed,2006,1161429
Virginia,PK12ed,2006,11498811
Washington,PK12ed,2006,7794498
West Virginia,PK12ed,2006,2381525
Wisconsin,PK12ed,2006,8534939
Wyoming,PK12ed,2006,951412
Alabama,PK12ed,2007,6104470
Alaska,PK12ed,2007,1609832
Arizona,PK12ed,2007,6826134
Arkansas,PK12ed,2007,3719097
California,PK12ed,2007,57258252
Colorado,PK12ed,2007,6187463
Connecticut,PK12ed,2007,6895387
Delaware,PK12ed,2007,1357426
District of Columbia,PK12ed,2007,1236068
Florida,PK12ed,2007,22079984
Georgia,PK12ed,2007,14178057
Hawaii,PK12ed,2007,1943393
Idaho,PK12ed,2007,1705158
Illinois,PK12ed,2007,18891452
Indiana,PK12ed,2007,8568446
Iowa,PK12ed,2007,4098511
Kansas,PK12ed,2007,3934630
Kentucky,PK12ed,2007,4989921
Louisiana,PK12ed,2007,5949912
Maine,PK12ed,2007,2050166
Maryland,PK12ed,2007,9236350
Massachusetts,PK12ed,2007,10879368
Michigan,PK12ed,2007,16732409
Minnesota,PK12ed,2007,7737171
Mississippi,PK12ed,2007,3549106
Missouri,PK12ed,2007,7601036
Montana,PK12ed,2007,1273267
Nebraska,PK12ed,2007,2523255
Nevada,PK12ed,2007,3273910
New Hampshire,PK12ed,2007,2133699
New Jersey,PK12ed,2007,19983800
New Mexico,PK12ed,2007,2784315
New York,PK12ed,2007,43296916
North Carolina,PK12ed,2007,11065512
North Dakota,PK12ed,2007,835479
Ohio,PK12ed,2007,17069126
Oklahoma,PK12ed,2007,4616253
Oregon,PK12ed,2007,4930540
Pennsylvania,PK12ed,2007,19927258
Rhode Island,PK12ed,2007,1993397
South Carolina,PK12ed,2007,5957589
South Dakota,PK12ed,2007,924199
Tennessee,PK12ed,2007,6650273
Texas,PK12ed,2007,33434484
Utah,PK12ed,2007,2874111
Vermont,PK12ed,2007,1220275
Virginia,PK12ed,2007,12374144
Washington,PK12ed,2007,8302955
West Virginia,PK12ed,2007,2461132
Wisconsin,PK12ed,2007,8805031
Wyoming,PK12ed,2007,1114282
Alabama,PK12ed,2008,6671430
Alaska,PK12ed,2008,1897947
Arizona,PK12ed,2008,7367909
Arkansas,PK12ed,2008,3846131
California,PK12ed,2008,60096496
Colorado,PK12ed,2008,6887556
Connecticut,PK12ed,2008,7258782
Delaware,PK12ed,2008,1459954
District of Columbia,PK12ed,2008,1631698
Florida,PK12ed,2008,23140320
Georgia,PK12ed,2008,15370791
Hawaii,PK12ed,2008,2038935
Idaho,PK12ed,2008,1797045
Illinois,PK12ed,2008,19890084
Indiana,PK12ed,2008,8375804
Iowa,PK12ed,2008,4353930
Kansas,PK12ed,2008,4207480
Kentucky,PK12ed,2008,5433566
Louisiana,PK12ed,2008,6668491
Maine,PK12ed,2008,2113600
Maryland,PK12ed,2008,10003181
Massachusetts,PK12ed,2008,11541685
Michigan,PK12ed,2008,16103959
Minnesota,PK12ed,2008,8105561
Mississippi,PK12ed,2008,3735613
Missouri,PK12ed,2008,8054325
Montana,PK12ed,2008,1333960
Nebraska,PK12ed,2008,2635802
Nevada,PK12ed,2008,3454513
New Hampshire,PK12ed,2008,2274467
New Jersey,PK12ed,2008,20838830
New Mexico,PK12ed,2008,2936645
New York,PK12ed,2008,45925832
North Carolina,PK12ed,2008,11364846
North Dakota,PK12ed,2008,887545
Ohio,PK12ed,2008,17615260
Oklahoma,PK12ed,2008,4816502
Oregon,PK12ed,2008,5306565
Pennsylvania,PK12ed,2008,20705512
Rhode Island,PK12ed,2008,2056177
South Carolina,PK12ed,2008,6486766
South Dakota,PK12ed,2008,978141
Tennessee,PK12ed,2008,7187217
Texas,PK12ed,2008,36273136
Utah,PK12ed,2008,3222324
Vermont,PK12ed,2008,1274880
Virginia,PK12ed,2008,13062210
Washington,PK12ed,2008,9086509
West Virginia,PK12ed,2008,2529073
Wisconsin,PK12ed,2008,9127968
Wyoming,PK12ed,2008,1178043
Alabama,PK12ed,2009,6629154
Alaska,PK12ed,2009,2077152
Arizona,PK12ed,2009,7536710
Arkansas,PK12ed,2009,4189066
California,PK12ed,2009,59255344
Colorado,PK12ed,2009,6763740
Connecticut,PK12ed,2009,7760351
Delaware,PK12ed,2009,1436644
District of Columbia,PK12ed,2009,1745669
Florida,PK12ed,2009,22397560
Georgia,PK12ed,2009,15388033
Hawaii,PK12ed,2009,2142996
Idaho,PK12ed,2009,1863624
Illinois,PK12ed,2009,21331942
Indiana,PK12ed,2009,8635495
Iowa,PK12ed,2009,4581267
Kansas,PK12ed,2009,4347644
Kentucky,PK12ed,2009,5444526
Louisiana,PK12ed,2009,7096159
Maine,PK12ed,2009,2204484
Maryland,PK12ed,2009,10427128
Massachusetts,PK12ed,2009,12226887
Michigan,PK12ed,2009,16209560
Minnesota,PK12ed,2009,8849983
Mississippi,PK12ed,2009,3803738
Missouri,PK12ed,2009,8321092
Montana,PK12ed,2009,1374246
Nebraska,PK12ed,2009,2798387
Nevada,PK12ed,2009,3519124
New Hampshire,PK12ed,2009,2364568
New Jersey,PK12ed,2009,21418894
New Mexico,PK12ed,2009,3054265
New York,PK12ed,2009,47907688
North Carolina,PK12ed,2009,12346553
North Dakota,PK12ed,2009,927943
Ohio,PK12ed,2009,18060858
Oklahoma,PK12ed,2009,4971645
Oregon,PK12ed,2009,5449964
Pennsylvania,PK12ed,2009,21210352
Rhode Island,PK12ed,2009,2083636
South Carolina,PK12ed,2009,6612941
South Dakota,PK12ed,2009,1008093
Tennessee,PK12ed,2009,7575870
Texas,PK12ed,2009,37630120
Utah,PK12ed,2009,3402638
Vermont,PK12ed,2009,1335989
Virginia,PK12ed,2009,13269084
Washington,PK12ed,2009,9618279
West Virginia,PK12ed,2009,2706379
Wisconsin,PK12ed,2009,9471836
Wyoming,PK12ed,2009,1253743
Alabama,PK12ed,2010,6573857
Alaska,PK12ed,2010,2157418
Arizona,PK12ed,2010,7388074
Arkansas,PK12ed,2010,4480204
California,PK12ed,2010,57105136
Colorado,PK12ed,2010,6969515
Connecticut,PK12ed,2010,7915525
Delaware,PK12ed,2010,1463603
District of Columbia,PK12ed,2010,1896647
Florida,PK12ed,2010,22340868
Georgia,PK12ed,2010,15191886
Hawaii,PK12ed,2010,1858469
Idaho,PK12ed,2010,1858673
Illinois,PK12ed,2010,21995540
Indiana,PK12ed,2010,8845805
Iowa,PK12ed,2010,4647369
Kansas,PK12ed,2010,4254598
Kentucky,PK12ed,2010,5703554
Louisiana,PK12ed,2010,7196995
Maine,PK12ed,2010,2206675
Maryland,PK12ed,2010,10649696
Massachusetts,PK12ed,2010,12049013
Michigan,PK12ed,2010,16182975
Minnesota,PK12ed,2010,8491869
Mississippi,PK12ed,2010,3826339
Missouri,PK12ed,2010,8422001
Montana,PK12ed,2010,1440902
Nebraska,PK12ed,2010,3030641
Nevada,PK12ed,2010,3571969
New Hampshire,PK12ed,2010,2443356
New Jersey,PK12ed,2010,22386176
New Mexico,PK12ed,2010,3062881
New York,PK12ed,2010,49236240
North Carolina,PK12ed,2010,12108694
North Dakota,PK12ed,2010,1001145
Ohio,PK12ed,2010,18430878
Oklahoma,PK12ed,2010,5118967
Oregon,PK12ed,2010,5341135
Pennsylvania,PK12ed,2010,21980914
Rhode Island,PK12ed,2010,2095919
South Carolina,PK12ed,2010,6473043
South Dakota,PK12ed,2010,1045714
Tennessee,PK12ed,2010,7787670
Texas,PK12ed,2010,39557944
Utah,PK12ed,2010,3146199
Vermont,PK12ed,2010,1379279
Virginia,PK12ed,2010,13348895
Washington,PK12ed,2010,9499568
West Virginia,PK12ed,2010,2987162
Wisconsin,PK12ed,2010,9700207
Wyoming,PK12ed,2010,1322136
Alabama,PK12ed,2011,6592386
Alaska,PK12ed,2011,2196942
Arizona,PK12ed,2011,7096432
Arkansas,PK12ed,2011,4609186
California,PK12ed,2011,55999628
Colorado,PK12ed,2011,6929558
Connecticut,PK12ed,2011,7801635
Delaware,PK12ed,2011,1534859
District of Columbia,PK12ed,2011,1859662
Florida,PK12ed,2011,22954464
Georgia,PK12ed,2011,14997574
Hawaii,PK12ed,2011,1737036
Idaho,PK12ed,2011,1778035
Illinois,PK12ed,2011,22100446
Indiana,PK12ed,2011,8552264
Iowa,PK12ed,2011,4715466
Kansas,PK12ed,2011,4267293
Kentucky,PK12ed,2011,5896353
Louisiana,PK12ed,2011,7312207
Maine,PK12ed,2011,2218648
Maryland,PK12ed,2011,10729263
Massachusetts,PK12ed,2011,12087923
Michigan,PK12ed,2011,15667635
Minnesota,PK12ed,2011,8485160
Mississippi,PK12ed,2011,3727935
Missouri,PK12ed,2011,8201256
Montana,PK12ed,2011,1458156
Nebraska,PK12ed,2011,3086233
Nevada,PK12ed,2011,3643011
New Hampshire,PK12ed,2011,2510087
New Jersey,PK12ed,2011,21627396
New Mexico,PK12ed,2011,2964860
New York,PK12ed,2011,50319248
North Carolina,PK12ed,2011,11790177
North Dakota,PK12ed,2011,1057989
Ohio,PK12ed,2011,18631904
Oklahoma,PK12ed,2011,4619381
Oregon,PK12ed,2011,5377137
Pennsylvania,PK12ed,2011,22022980
Rhode Island,PK12ed,2011,2108166
South Carolina,PK12ed,2011,6348464
South Dakota,PK12ed,2011,1057333
Tennessee,PK12ed,2011,8082395
Texas,PK12ed,2011,39381720
Utah,PK12ed,2011,3406788
Vermont,PK12ed,2011,1382207
Virginia,PK12ed,2011,13244635
Washington,PK12ed,2011,9601942
West Virginia,PK12ed,2011,3010536
Wisconsin,PK12ed,2011,10047299
Wyoming,PK12ed,2011,1386028
Alabama,PK12ed,2012,6305709
Alaska,PK12ed,2012,2105122
Arizona,PK12ed,2012,6966512
Arkansas,PK12ed,2012,4220947
California,PK12ed,2012,57048604
Colorado,PK12ed,2012,6844340
Connecticut,PK12ed,2012,7898446
Delaware,PK12ed,2012,1673927
District of Columbia,PK12ed,2012,1981603
Florida,PK12ed,2012,21698588
Georgia,PK12ed,2012,15025144
Hawaii,PK12ed,2012,1669778
Idaho,PK12ed,2012,1744392
Illinois,PK12ed,2012,22233908
Indiana,PK12ed,2012,8564467
Iowa,PK12ed,2012,4829616
Kansas,PK12ed,2012,4284463
Kentucky,PK12ed,2012,6022356
Louisiana,PK12ed,2012,7784059
Maine,PK12ed,2012,2167578
Maryland,PK12ed,2012,10680541
Massachusetts,PK12ed,2012,12618691
Michigan,PK12ed,2012,15240656
Minnesota,PK12ed,2012,8555110
Mississippi,PK12ed,2012,3828219
Missouri,PK12ed,2012,8199339
Montana,PK12ed,2012,1441011
Nebraska,PK12ed,2012,3251369
Nevada,PK12ed,2012,3501841
New Hampshire,PK12ed,2012,2546300
New Jersey,PK12ed,2012,22177014
New Mexico,PK12ed,2012,2877730
New York,PK12ed,2012,50939628
North Carolina,PK12ed,2012,11779617
North Dakota,PK12ed,2012,1094531
Ohio,PK12ed,2012,18979162
Oklahoma,PK12ed,2012,4709798
Oregon,PK12ed,2012,5355834
Pennsylvania,PK12ed,2012,21954720
Rhode Island,PK12ed,2012,2122998
South Carolina,PK12ed,2012,6405138
South Dakota,PK12ed,2012,1034926
Tennessee,PK12ed,2012,7897109
Texas,PK12ed,2012,37778480
Utah,PK12ed,2012,3463994
Vermont,PK12ed,2012,1405724
Virginia,PK12ed,2012,13378595
Washington,PK12ed,2012,9848714
West Virginia,PK12ed,2012,2915771
Wisconsin,PK12ed,2012,9411178
Wyoming,PK12ed,2012,1418805
Alabama,PK12ed,2013,6461916
Alaska,PK12ed,2013,2202551
Arizona,PK12ed,2013,6675200
Arkansas,PK12ed,2013,4222408
California,PK12ed,2013,57043384
Colorado,PK12ed,2013,7011149
Connecticut,PK12ed,2013,8009846
Delaware,PK12ed,2013,1674823
District of Columbia,PK12ed,2013,2006747
Florida,PK12ed,2013,22016268
Georgia,PK12ed,2013,14905073
Hawaii,PK12ed,2013,1669596
Idaho,PK12ed,2013,1814272
Illinois,PK12ed,2013,22472468
Indiana,PK12ed,2013,8405572
Iowa,PK12ed,2013,5005994
Kansas,PK12ed,2013,4391499
Kentucky,PK12ed,2013,6007826
Louisiana,PK12ed,2013,6961042
Maine,PK12ed,2013,2122408
Maryland,PK12ed,2013,11014005
Massachusetts,PK12ed,2013,12909896
Michigan,PK12ed,2013,14923401
Minnesota,PK12ed,2013,8824871
Mississippi,PK12ed,2013,3846581
Missouri,PK12ed,2013,8382326
Montana,PK12ed,2013,1467413
Nebraska,PK12ed,2013,3367966
Nevada,PK12ed,2013,3579094
New Hampshire,PK12ed,2013,2566870
New Jersey,PK12ed,2013,23197666
New Mexico,PK12ed,2013,2901550
New York,PK12ed,2013,54640372
North Carolina,PK12ed,2013,11981041
North Dakota,PK12ed,2013,1156659
Ohio,PK12ed,2013,18421282
Oklahoma,PK12ed,2013,4861433
Oregon,PK12ed,2013,5375515
Pennsylvania,PK12ed,2013,24002254
Rhode Island,PK12ed,2013,2176272
South Carolina,PK12ed,2013,6593849
South Dakota,PK12ed,2013,1057858
Tennessee,PK12ed,2013,7896419
Texas,PK12ed,2013,38458788
Utah,PK12ed,2013,3677422
Vermont,PK12ed,2013,1442269
Virginia,PK12ed,2013,13729023
Washington,PK12ed,2013,9919072
West Virginia,PK12ed,2013,2849026
Wisconsin,PK12ed,2013,9453634
Wyoming,PK12ed,2013,1425713
Alabama,PK12ed,2014,6600333
Alaska,PK12ed,2014,2202685
Arizona,PK12ed,2014,7065613
Arkansas,PK12ed,2014,4299286
California,PK12ed,2014,59043948
Colorado,PK12ed,2014,7405899
Connecticut,PK12ed,2014,8310423
Delaware,PK12ed,2014,1721283
District of Columbia,PK12ed,2014,2058261
Florida,PK12ed,2014,23146180
Georgia,PK12ed,2014,15270387
Hawaii,PK12ed,2014,1890456
Idaho,PK12ed,2014,1831321
Illinois,PK12ed,2014,23319288
Indiana,PK12ed,2014,8408339
Iowa,PK12ed,2014,5203414
Kansas,PK12ed,2014,4484069
Kentucky,PK12ed,2014,5997108
Louisiana,PK12ed,2014,7086738
Maine,PK12ed,2014,2180010
Maryland,PK12ed,2014,11287730
Massachusetts,PK12ed,2014,13602492
Michigan,PK12ed,2014,14929967
Minnesota,PK12ed,2014,9157300
Mississippi,PK12ed,2014,3884541
Missouri,PK12ed,2014,8601130
Montana,PK12ed,2014,1536136
Nebraska,PK12ed,2014,3456540
Nevada,PK12ed,2014,3648652
New Hampshire,PK12ed,2014,2623529
New Jersey,PK12ed,2014,24374006
New Mexico,PK12ed,2014,2894699
New York,PK12ed,2014,56565792
North Carolina,PK12ed,2014,11962562
North Dakota,PK12ed,2014,1220424
Ohio,PK12ed,2014,18902152
Oklahoma,PK12ed,2014,4945306
Oregon,PK12ed,2014,5648365
Pennsylvania,PK12ed,2014,24073322
Rhode Island,PK12ed,2014,2191975
South Carolina,PK12ed,2014,6972009
South Dakota,PK12ed,2014,1114420
Tennessee,PK12ed,2014,8228575
Texas,PK12ed,2014,40392404
Utah,PK12ed,2014,3685048
Vermont,PK12ed,2014,1471609
Virginia,PK12ed,2014,14151467
Washington,PK12ed,2014,10568308
West Virginia,PK12ed,2014,2852013
Wisconsin,PK12ed,2014,9562448
Wyoming,PK12ed,2014,1453975
Alabama,PK12ed,2015,6645129
Alaska,PK12ed,2015,2332630
Arizona,PK12ed,2015,7026131
Arkansas,PK12ed,2015,4355246
California,PK12ed,2015,64553292
Colorado,PK12ed,2015,7689567
Connecticut,PK12ed,2015,8510423
Delaware,PK12ed,2015,1764887
District of Columbia,PK12ed,2015,2152055
Florida,PK12ed,2015,23815164
Georgia,PK12ed,2015,15877364
Hawaii,PK12ed,2015,1772617
Idaho,PK12ed,2015,1865252
Illinois,PK12ed,2015,23713992
Indiana,PK12ed,2015,8489906
Iowa,PK12ed,2015,5381831
Kansas,PK12ed,2015,4546083
Kentucky,PK12ed,2015,6139011
Louisiana,PK12ed,2015,7278280
Maine,PK12ed,2015,2261878
Maryland,PK12ed,2015,11570016
Massachusetts,PK12ed,2015,13946420
Michigan,PK12ed,2015,15213236
Minnesota,PK12ed,2015,9578997
Mississippi,PK12ed,2015,3987169
Missouri,PK12ed,2015,8864068
Montana,PK12ed,2015,1547168
Nebraska,PK12ed,2015,3576419
Nevada,PK12ed,2015,3768373
New Hampshire,PK12ed,2015,2682216
New Jersey,PK12ed,2015,24069384
New Mexico,PK12ed,2015,3131851
New York,PK12ed,2015,58754776
North Carolina,PK12ed,2015,12450071
North Dakota,PK12ed,2015,1356310
Ohio,PK12ed,2015,19443794
Oklahoma,PK12ed,2015,4957466
Oregon,PK12ed,2015,5991464
Pennsylvania,PK12ed,2015,24982312
Rhode Island,PK12ed,2015,2235934
South Carolina,PK12ed,2015,7181418
South Dakota,PK12ed,2015,1144394
Tennessee,PK12ed,2015,8244847
Texas,PK12ed,2015,42137444
Utah,PK12ed,2015,3722120
Vermont,PK12ed,2015,1502373
Virginia,PK12ed,2015,14496257
Washington,PK12ed,2015,11297901
West Virginia,PK12ed,2015,2885755
Wisconsin,PK12ed,2015,9691073
Wyoming,PK12ed,2015,1495720
Alabama,PK12ed,2016,6589890
Alaska,PK12ed,2016,2074993
Arizona,PK12ed,2016,7137123
Arkansas,PK12ed,2016,4411761
California,PK12ed,2016,68892072
Colorado,PK12ed,2016,8060420
Connecticut,PK12ed,2016,8687640
Delaware,PK12ed,2016,1832385
District of Columbia,PK12ed,2016,2290288
Florida,PK12ed,2016,24222830
Georgia,PK12ed,2016,16563441
Hawaii,PK12ed,2016,1843481
Idaho,PK12ed,2016,1935653
Illinois,PK12ed,2016,23933484
Indiana,PK12ed,2016,8643916
Iowa,PK12ed,2016,5517359
Kansas,PK12ed,2016,4532902
Kentucky,PK12ed,2016,6283316
Louisiana,PK12ed,2016,7295542
Maine,PK12ed,2016,2290535
Maryland,PK12ed,2016,10459539
Massachusetts,PK12ed,2016,13998163
Michigan,PK12ed,2016,15328155
Minnesota,PK12ed,2016,9987116
Mississippi,PK12ed,2016,4077663
Missouri,PK12ed,2016,8996869
Montana,PK12ed,2016,1598517
Nebraska,PK12ed,2016,3728426
Nevada,PK12ed,2016,3944218
New Hampshire,PK12ed,2016,2737576
New Jersey,PK12ed,2016,24349836
New Mexico,PK12ed,2016,3049749
New York,PK12ed,2016,56656536
North Carolina,PK12ed,2016,12620939
North Dakota,PK12ed,2016,1393844
Ohio,PK12ed,2016,20271944
Oklahoma,PK12ed,2016,4958496
Oregon,PK12ed,2016,6285584
Pennsylvania,PK12ed,2016,25955384
Rhode Island,PK12ed,2016,2297516
South Carolina,PK12ed,2016,7419325
South Dakota,PK12ed,2016,1185796
Tennessee,PK12ed,2016,8294165
Texas,PK12ed,2016,43287224
Utah,PK12ed,2016,3931265
Vermont,PK12ed,2016,1536843
Virginia,PK12ed,2016,14385736
Washington,PK12ed,2016,12315163
West Virginia,PK12ed,2016,2873668
Wisconsin,PK12ed,2016,9691073
Wyoming,PK12ed,2016,1542763
